bin,bin_lower,bin_upper,n,observed_positive,expected_positive,observed_fraction,mean_predicted
2,0.1,0.2,65,10,11.302323221670589,0.15384615384615385,0.17388189571800905
3,0.2,0.30000000000000004,71,11,16.561896220018777,0.15492957746478872,0.23326614394392645
4,0.30000000000000004,0.4,13,6,4.654963721877889,0.46153846153846156,0.35807413245214537
5,0.4,0.5,15,5,6.889689555981038,0.3333333333333333,0.45931263706540254
6,0.5,0.6000000000000001,16,9,9.064401997428277,0.5625,0.5665251248392673
7,0.6000000000000001,0.7000000000000001,17,6,10.873372206045376,0.35294117647058826,0.6396101297673751
8,0.7000000000000001,0.8,20,17,15.285418082509427,0.85,0.7642709041254714
9,0.8,0.9,43,39,36.32309997834668,0.9069767441860465,0.8447232553103879
10,0.9,1.0,60,52,57.61065885125313,0.8666666666666667,0.9601776475208854
