{
  "hosmer_lemeshow": {
    "chi2": 17.691061493067224,
    "df": 8,
    "p_value": 0.023665731167656023
  },
  "calibration_in_the_large": {
    "mean_predicted": 0.5177906716528531,
    "mean_observed": 0.484375,
    "difference": 0.033415671652853085
  },
  "expected_calibration_error": 0.06046870049850075,
  "ece_by_stage": {
    "gatekeeper": 0.07749104798143186,
    "reflex": 0.05997437956835205
  },
  "n_samples": 320
}