{
  "timestamp": "2026-03-25T16:37:33.273168",
  "adni_loocv": {
    "n": 320,
    "tp": 122,
    "fn": 33,
    "tn": 136,
    "fp": 29,
    "auc": 0.8566177908113393,
    "auc_ci": [
      0.8126675393693097,
      0.8967012228459457
    ],
    "accuracy": 0.80625,
    "accuracy_ci": [
      0.7625,
      0.846875
    ],
    "sensitivity": 0.7870967741935484,
    "sensitivity_ci": [
      0.7234009099424595,
      0.8481056307289393
    ],
    "specificity": 0.8242424242424242,
    "specificity_ci": [
      0.7636363636363637,
      0.880005988023952
    ],
    "ppv": 0.8079470198675497,
    "npv": 0.8047337278106509,
    "lr_pos": 4.478309232480534,
    "lr_neg": 0.25830170777988615,
    "brier": 0.14754692388783083,
    "gray_zone_n": 142,
    "gray_zone_auc": 0.7506493506493507,
    "gatekeeper_resolved": 178,
    "gatekeeper_accuracy": 0.8876404494382022,
    "rule_out_90": {
      "threshold": 0.24038646332311794,
      "sensitivity": 0.9032258064516129,
      "specificity": 0.5757575757575757,
      "LR-": 0.16808149405772502
    },
    "rule_in_90": {
      "threshold": 0.6739667236358307,
      "sensitivity": 0.6774193548387096,
      "specificity": 0.9030303030303031,
      "LR+": 6.985887096774193
    }
  },
  "a4_external": {
    "n": 1644,
    "n_positive": 1145,
    "prevalence": 0.6964720194647201,
    "auc": 0.8282276343079172,
    "auc_ci": [
      0.8063022227959898,
      0.8485360691746227
    ],
    "accuracy": 0.7493917274939172,
    "sensitivity": 0.7353711790393013,
    "specificity": 0.781563126252505,
    "ppv": 0.8853838065194533,
    "npv": 0.5627705627705628,
    "brier": 0.17448003675476173,
    "confusion_matrix": {
      "TP": 842,
      "TN": 390,
      "FP": 109,
      "FN": 303
    },
    "gatekeeper_neg": 2,
    "gatekeeper_pos": 349,
    "gatekeeper_gray": 1293,
    "gatekeeper_resolution_rate": 0.21350364963503649,
    "centiloid_spearman_r": 0.6415358077886546,
    "centiloid_spearman_p": 2.5534108674242895e-191,
    "reflex_importance": {
      "pTau217_Z": 0.31584609320549856,
      "tau_ab42_diff": 0.16039687990558738,
      "GFAP_Z": 0.08054822245755304,
      "AGE": 0.16438260302614854,
      "APOE4_carrier": 0.11458146092127616,
      "gfap_tau_interaction": 0.16424474048393628
    }
  },
  "feature_importance": {
    "pTau217_Z": 0.3312924078206983,
    "tau_ab42_diff": 0.1578525911117175,
    "GFAP_Z": 0.07814293417760666,
    "AGE": 0.16722538004712822,
    "APOE4_carrier": 0.1048847883207271,
    "gfap_tau_interaction": 0.16060189852212223
  }
}
