{
  "timestamp": "2026-03-05T14:07:14.356697",
  "adni_loocv": {
    "n": 320,
    "tp": 123,
    "fn": 32,
    "tn": 132,
    "fp": 33,
    "auc": 0.8527077223851418,
    "auc_ci": [
      0.8080365361919749,
      0.8939442977634893
    ],
    "accuracy": 0.796875,
    "accuracy_ci": [
      0.753125,
      0.8375
    ],
    "sensitivity": 0.7935483870967742,
    "sensitivity_ci": [
      0.7305320280491648,
      0.8535106343353075
    ],
    "specificity": 0.8,
    "specificity_ci": [
      0.7380952380952381,
      0.8571428571428571
    ],
    "ppv": 0.7884615384615384,
    "npv": 0.8048780487804879,
    "lr_pos": 3.967741935483872,
    "lr_neg": 0.2580645161290322,
    "brier": 0.14994183516222637,
    "gray_zone_n": 142,
    "gray_zone_auc": 0.7350649350649351,
    "gatekeeper_resolved": 178,
    "gatekeeper_accuracy": 0.8876404494382022,
    "rule_out_90": {
      "threshold": 0.24482457366468455,
      "sensitivity": 0.9032258064516129,
      "specificity": 0.6181818181818182,
      "LR-": 0.1565464895635674
    },
    "rule_in_90": {
      "threshold": 0.7292456880622352,
      "sensitivity": 0.6967741935483871,
      "specificity": 0.9151515151515152,
      "LR+": 8.211981566820276
    }
  },
  "a4_external": {
    "n": 1644,
    "n_positive": 1145,
    "prevalence": 0.6964720194647201,
    "auc": 0.8204645098056375,
    "auc_ci": [
      0.7977309209868916,
      0.8413527466355937
    ],
    "accuracy": 0.7293187347931873,
    "sensitivity": 0.6995633187772926,
    "specificity": 0.7975951903807615,
    "ppv": 0.8880266075388027,
    "npv": 0.5363881401617251,
    "brier": 0.1811476029500042,
    "confusion_matrix": {
      "TP": 801,
      "TN": 398,
      "FP": 101,
      "FN": 344
    },
    "gatekeeper_neg": 2,
    "gatekeeper_pos": 349,
    "gatekeeper_gray": 1293,
    "gatekeeper_resolution_rate": 0.21350364963503649,
    "centiloid_spearman_r": 0.6310068450630831,
    "centiloid_spearman_p": 2.7668503665417004e-183,
    "reflex_importance": {
      "pTau217_Z": 0.31584609320549856,
      "tau_ab42_diff": 0.16039687990558738,
      "GFAP_Z": 0.08054822245755304,
      "AGE_Z": 0.16438260302614854,
      "APOE4_carrier": 0.11458146092127616,
      "gfap_tau_interaction": 0.16424474048393628
    }
  },
  "feature_importance": {
    "pTau217_Z": 0.3312924078206983,
    "tau_ab42_diff": 0.1578525911117175,
    "GFAP_Z": 0.07814293417760666,
    "AGE_Z": 0.16722538004712822,
    "APOE4_carrier": 0.1048847883207271,
    "gfap_tau_interaction": 0.16060189852212223
  }
}