Stage,N,TP,TN,FP,FN,Sensitivity,Specificity,PPV,NPV,Accuracy,AUC,LR+,LR-,Brier
Gatekeeper,178,68,90,10,10,0.8717948717948718,0.9,0.8717948717948718,0.9,0.8876404494382022,0.9117948717948717,8.71794871794872,0.14245014245014243,0.10546672724978401
Reflex,142,54,46,19,23,0.7012987012987013,0.7076923076923077,0.7397260273972602,0.6666666666666666,0.704225352112676,0.7506493506493507,2.3991797676008204,0.42207792207792205,0.20029533939186134
